event_id,lon,lat
702875,-73.944539024469,40.806098003316
702878,-73.931125811192,40.847794595732
746330,NA,NA
746354,NA,NA
753740,-73.937084495061,40.846944002363
739810,-73.994529731898,40.723891953296
750531,-73.986297049329,40.718571772009
754286,-74.010965499596,40.706696017742
753935,-73.997067992574,40.719908003565
752617,NA,NA
756786,-74.010965499596,40.706696017742
756775,-73.983734396939,40.591155182531
756782,NA,NA
757373,-73.975101225895,40.764320779215
698301,-73.993461008181,40.718036492224
753354,-74.001033338989,40.720385887478
749616,-73.989747549682,40.714191220751
757457,-73.941557916785,40.814401912882
756203,-73.990314986552,40.740570505495
753660,-73.993453538089,40.722014743239
758300,-74.010965499596,40.706696017742
747818,-74.003472479062,40.748668995569
747821,-73.943895119631,40.807103897881
747823,-74.007358472508,40.726956991485
758108,-73.996182444504,40.729379114103
759320,-73.995673293498,40.70505561634
739811,-73.994529731898,40.723891953296
759785,-73.962901979166,40.809219863914
759391,-74.013851580216,40.70537581607
758067,-74.006051353354,40.741254264799
761377,-73.999320592982,40.722397947553
748450,-73.986070003516,40.73919380452
759745,-73.939557491774,40.839435493499
758822,-73.997660380552,40.721683490686
757470,-73.998280384232,40.72361636276
757638,-73.986152177844,40.749113556233
755903,-73.984327663257,40.75165902664
761371,-74.003864039669,40.737552014523
758070,-73.997447015012,40.721947588797
760796,-74.007227009655,40.741289627399
760005,-73.999852502718,40.724391504528
757521,-74.006673903079,40.740597391288
754445,-74.001638179687,40.723533346922
759849,-73.979034998444,40.753143004027
759947,-73.99198244046,40.721845731941
761987,-73.981518514446,40.780698510716
759848,-73.990864963138,40.750647469561
758759,-73.969350002692,40.766398501939
757570,-74.001033338989,40.720385887478
759298,-73.987946470262,40.735119083307
760726,-73.994836981406,40.731350202454
751919,NA,NA
763270,-74.006987582306,40.713349330257
760028,-73.984327663257,40.75165902664
726071,NA,NA
755902,-73.984327663257,40.75165902664
754646,-74.010195044018,40.704635594961
765543,-74.011445974005,40.705636996173
732622,NA,NA
766616,-73.986636063648,40.745614415678
764858,-74.009164561977,40.706209347583
751832,-73.958373879605,40.820638192806
746232,-74.013159737928,40.71023924775
769832,-73.999320592982,40.722397947553
756117,-73.988879208448,40.696107484724
756104,NA,NA
769239,-74.005028146161,40.708688860524
764433,-73.968448069611,40.794129727309
768225,NA,NA
765492,-73.984833323048,40.771692930009
763354,-73.987643891215,40.767842126396
771447,-73.991243786812,40.735007440377
768195,-73.980459629249,40.781494885275
754686,-73.98099963273,40.747143761603
770189,-73.980665594842,40.766666947055
770188,-73.97782186924,40.758807904956
774174,-73.992086627517,40.709800203661
768742,-73.999320592982,40.722397947553
745693,-73.980557954248,40.748477114878
768847,-74.009164561977,40.706209347583
730472,NA,NA
770195,-73.996626004706,40.731821951293
755870,-73.994529731898,40.723891953296
762061,NA,NA
769973,-74.007398517373,40.703571112126
766386,-74.0038099,40.7532511
769802,-73.989693366052,40.749715126125
767678,-74.008419017311,40.723980791273
787197,-73.942360986929,40.798938495945
774445,-73.95272998789,40.817414494612
790838,-73.988174709486,40.741519295024
779659,-74.008457580373,40.717347213022
779919,-73.983808588414007,40.768009076375
785959,-73.991045147051,40.74787150532
764228,-73.957287578393,40.784371400415
783315,-73.950677008345,40.81084501036
787706,-74.004932549031,40.723305261062
786816,-73.978845908236,40.762097938556
787205,-73.949693461413,40.822380971368
748661,-73.979398556999,40.751177777043
784933,-73.984652067751,40.741138372237
786917,-74.011445974005,40.705636996173
760503,NA,NA
787646,-73.932405237392,40.798091358198
786354,-73.981551518631,40.755444456258
748861,-74.008401710599,40.710566054412
754292,-74.001829743832,40.727102617299
751858,-73.958373879605,40.820638192806
783350,-74.002124475799,40.742845927137
759349,NA,NA
770027,-74.007774029862,40.70335099972
787960,-73.98111387807,40.722683985123
768311,NA,NA
782730,-74.008870549466,40.739387231808
787812,-73.999320592982,40.722397947553
782671,-74.010876517292,40.701907927346
748826,-73.973288073775,40.755204406718
754534,-73.942287983342,40.814712222387
748366,-73.999039023071,40.728108472638
757252,-73.948125357227,40.801366087478
781041,-73.984032519959,40.777870104265
777036,-73.933792501935,40.796211005252
761189,-73.986478511764,40.728091492723
786325,-73.964783701435,40.801708790528
787316,-73.94937550833,40.789369505732
754638,-73.929058446733,40.859162802261
784945,-73.953780491815,40.811712495429
774414,-74.00130220734,40.738323990701
769409,-73.990459601571,40.726623583439
773890,-73.952580999561,40.80195149677
784399,-73.944695696587,40.795750942647
787350,-73.955139552098,40.804735448574
774609,-73.958219505827,40.803503510916
750767,NA,NA
751115,-73.945466620939,40.804827103803
748827,-74.011897752825,40.707501912656
756273,-73.945010506522,40.805457018225
768983,-73.934874103374,40.848898452636
765046,-74.003763117758,40.750822080656
756570,-73.993663012047,40.714826998634
779977,-73.946816068584,40.786634202871
783539,-73.975062734442,40.754362085975004
786811,-73.958088471148,40.764933494405
784063,-73.954729756276,40.810380696525
787130,-73.946918553783,40.80420652576
790664,-73.946853203352,40.83497105224
768868,-73.951033993601,40.805121008682
777861,-73.999791799816,40.761530836549
787149,-73.990459601571,40.726623583439
785976,-74.002576492249,40.749916492803
791453,-73.967792519353,40.798786490131
788338,-74.003026016989,40.7114329984
786964,-73.96407348299,40.802675011802
786411,NA,NA
786407,-73.963488044608,40.811983008678
748824,-73.986333277815,40.761984790727
759493,-73.9454775531,40.822677444981
751715,-73.997075785631,40.731480147175
772507,-73.951836979926,40.800403987896
776218,-73.948264570883,40.788086110627
783146,-73.942121013041,40.797939016855
787008,-74.007818495858,40.719197008628
748828,-73.980894840122,40.759248360654
783614,-73.939113502362,40.803387002462
794135,-74.006995439252,40.71333974239
787632,-73.949067682935,40.802370529064
785030,-73.944379847141,40.815586558463004
788090,-73.967848007552,40.765766988399
771676,-73.942900178104,40.840806063222
791034,-73.996288494992,40.725389966829
748864,-73.969744496965,40.758655509333
777963,-73.984833323048,40.771692930009
778408,-74.010965499596,40.706696017742
794431,NA,NA
791179,-73.999198876985,40.723205249289
757221,NA,NA
736607,NA,NA
748822,-73.990295957674,40.746354168566
759924,-73.957006015795,40.810930002858
760631,-73.957173835105,40.822193067862
748656,-73.985636501281,40.754600994843
760961,-73.958613463044,40.820296482247
775877,-73.952577018157,40.808237987016
779600,-73.949815849628,40.794624528239
774983,-73.948133576412,40.827149376507
775930,-73.981578381151,40.782794266234
759739,NA,NA
788478,-73.943784590362,40.802898016637
783207,-73.992560542441,40.74036698783
754678,-73.990450187648,40.730929336996
754677,-74.014209738939,40.705349999808
787954,NA,NA
791032,-73.953391487688,40.806107998735
766236,-74.002852008679,40.725855005777
771554,-73.946816068584,40.786634202871
769901,-73.998338521457,40.729986990676
792604,-73.997617007232,40.729628999592
793141,-73.987210974533,40.683455599446
794441,-73.976194006981,40.749828937084
748816,-74.004727878067,40.708320010404
773800,-73.98524504114,40.766021948127
796155,-73.946918553783,40.80420652576
788647,-73.983757377265,40.591268437466
790934,-73.996288494992,40.725389966829
772724,-73.994529731898,40.723891953296
748813,-73.981347407481,40.758615512538
748437,-74.004835363358,40.734984525121
761501,-73.942147910698,40.793023382083
765019,-73.948900002962,40.795877990683
748396,-73.973973757271,40.754280436596
748866,-73.985636501281,40.754600994843
781130,-73.943784590362,40.802898016637
768051,-73.930741316483,40.848331194457
792644,-74.010965499596,40.706696017742
782344,-74.003553831601,40.73067433382
795240,-73.994142959823,40.722711016761
797181,-73.988854481833,40.755971498208
771709,-74.004665016964,40.710562748757
748869,-73.973849911231,40.753036050942
792886,-74.000885278625,40.723166310255
795482,-73.985624438503,40.600412371812
791751,-73.982404020607,40.754120019616
792147,-73.997787231341,40.731797985908
751879,-73.958373879605,40.820638192806
794742,-73.999320592982,40.722397947553
773668,-73.93556189621,40.801891634162
779062,NA,NA
748812,-73.982331323426,40.762370361541
748441,-73.994814122759,40.74013005465
782932,-73.92765273574,40.865883672656
775461,-73.993744105962,40.744155305608
780542,-73.951033993601,40.805121008682
785973,-73.99060596699,40.722772980268
795239,-73.955145023742,40.806033001657
780624,-73.945524987739,40.796098015642
797915,-73.994367759408,40.726275245117
748817,-73.982222774556,40.769358482604
754700,-73.947992753116,40.797137121822
748462,-73.986422891722,40.743265413094
747847,-73.982264600557,40.775938759499
795623,-74.004215786845,40.750190069235
785914,-73.98099963273,40.747143761603
740279,-73.979057964859,40.749532017275
795418,-73.984359264286,40.754508289312
792991,NA,NA
792257,-73.969574009054,40.766087994336
796689,-73.987193942995,40.755712434536
788156,-73.956115522401,40.807257995851
772303,NA,NA
799224,-73.992593525519,40.719794001748
794694,-74.008870549466,40.739387231808
796502,-73.999320592982,40.722397947553
775163,-73.955367018448,40.804425017351
784329,-73.956182829084,40.821447405415
748809,-73.980894840122,40.759248360654
773151,-73.945400764247,40.83089601162
798070,-74.009830906992,40.721797054038
748419,-73.985624438503,40.600412371812
797177,-73.975124505337,40.761350500752
787635,-73.992823983539,40.716477982102
769905,-73.958307314405,40.813250578774
777704,-73.93822598263,40.820401013149
778810,-73.93556189621,40.801891634162
783959,NA,NA
774877,-73.992523995225,40.717071986625
796451,-73.994413695296,40.730038811793
785528,-73.978285478841,40.729093493745
748870,-73.985636501281,40.754600994843
797202,-74.000607502647,40.724762005603
785741,-73.962443272566,40.797652774862
798544,-73.976406470813,40.78323400561
797750,-74.005613300952,40.722229350695
748871,-73.975745987891,40.750445483149
779330,-73.987470964895,40.741334515969
775619,-73.950281308266,40.808911419048
790699,-73.942954214309,40.808402509451
785579,-73.996626004706,40.731821951293
784448,-73.997247631577,40.724859744295
781594,-73.94629369208,40.792216607738
795991,-73.999320592982,40.722397947553
784588,-73.99390835782,40.714018454494
795106,-74.009338679728,40.716370693742
784478,-73.996718090026,40.717724433969
796933,-73.946918553783,40.80420652576
753531,-73.971741689066,40.764577001984
764376,-73.945967498412,40.826238226137
748808,-73.987048311781,40.761015147121
777865,-73.945862417588,40.830275156194
781597,-73.950900008879,40.822889008942
788097,-73.947575488942,40.82773751349
795993,-73.946539994392,40.833949013794
765933,-73.943028940793,40.796694890967
779560,-73.986750270904,40.774144581876
748412,-73.996825001201,40.737358015374
768925,-73.938904474356,40.797476542941
748806,-73.97258877022,40.756179156915
748872,-73.970637002015,40.757408994603
796585,-73.932405237392,40.798091358198
801184,-73.994260331771,40.713693224583
786699,-73.949964217667,40.798836443061
796171,-73.999096496962,40.724015513306
788125,NA,NA
801065,-74.0038099,40.7532511
800972,-73.999320592982,40.722397947553
772725,-73.994529731898,40.723891953296
748458,-73.985624438503,40.600412371812
748805,-73.985930251161,40.752317178985
752613,-73.938904474356,40.797476542941
766556,-73.946694804142,40.803288417496
789852,-73.927620488185,40.851646501502
772014,-73.950278502158,40.788118982905
778934,-73.941557916785,40.814401912882
792335,-73.974556575512,40.785768820344
795519,-73.987020637665,40.758579665434
794603,-73.936026028328,40.838330989163
764441,-73.985616510727,40.729275492825
789421,-73.986307849013,40.759918660665
796163,-73.95062981823,40.809945087326
747854,-73.969349038773,40.797802014648
748873,-73.977902017067,40.760471510387
800947,-73.999320592982,40.722397947553
781906,-73.953780491815,40.811712495429
801543,-74.015099566529,40.711284463228
801539,-73.993827694074,40.738591397377
801549,-73.9847871763,40.766654938617
748874,-74.011122464055,40.70942702057
801409,-73.954774501712,40.779158503646
781984,NA,NA
751886,-73.958373879605,40.820638192806
780163,-73.933604743198,40.794449051527
798061,-73.999499917961,40.745966146116
773926,-73.956115522401,40.807257995851
801410,-73.999320592982,40.722397947553
780176,-73.933604743198,40.794449051527
788138,NA,NA
737977,NA,NA
795784,NA,NA
801991,-73.946882939873,40.824288325768
777157,-73.983336640865,40.72831039022
801411,-73.999715702645,40.725184188243
754432,-73.971741689066,40.764577001984
748804,-73.980894840122,40.759248360654
751719,-73.997075785631,40.731480147175
781138,-73.951797570175,40.826125463966
788758,-73.93959196816,40.823553038085
791214,-73.943576595712,40.786935231786
770219,-73.944033008635,40.786306004739
781884,-73.948133576412,40.827149376507
773136,-73.946770516053,40.82902045106
799866,NA,NA
780340,-73.947098438603,40.813391097269
785449,-73.950900008879,40.822889008942
788329,-73.945477961921,40.837564236823
792334,-73.971728694341,40.789641376227
763403,-73.938051442956,40.807965896162
803021,-74.00494977532,40.725586863653
780447,-73.933604743198,40.794449051527
793109,-73.951033993601,40.805121008682
803539,-73.988854481833,40.755971498208
790795,NA,NA
797183,NA,NA
753141,-73.973849911231,40.753036050942
756222,-73.938904474356,40.797476542941
748803,-74.011256988406,40.708302967137
788610,NA,NA
777469,-73.952754965961,40.803317013571
780491,-73.933604743198,40.794449051527
796752,-74.001033338989,40.720385887478
801225,-73.974352607381,40.724643825109
795115,-73.997247631577,40.724859744295
790965,-73.981578381151,40.782794266234
795472,-73.997578115201,40.725863618183
800964,-74.006517998658,40.73507046856
748875,-73.973849911231,40.753036050942
777178,-73.94629369208,40.792216607738
799467,-74.001961012372007,40.726293002128
790694,-73.995063628068,40.731049711225
800977,-73.998829487197,40.725599414557
799473,-73.998083910876,40.725245370741
792736,-74.015307600617,40.714063532983
784771,-74.005419518013,40.724352937211
781591,-73.940827305402,40.79828772855
788142,NA,NA
803983,-73.999320592982,40.722397947553
800973,-73.997247631577,40.724859744295
784836,-73.938821201905,40.835330504979
748802,-73.986333277815,40.761984790727
748451,-73.985624438503,40.600412371812
783383,-73.946037443671,40.809704515394
796294,-73.935928504884,40.849338502553
801403,-74.001027016901,40.722363000141
781574,-73.982252842501,40.721517232751
788574,-73.954841512091,40.802493683251
758953,-74.000460200399,40.750243075684
793731,-73.955600007267,40.805405960251
801305,-73.949815849628,40.794624528239
802364,-73.986750270904,40.774144581876
784582,-73.952707152305,40.803749930456
785306,-73.944341965925,40.821757996838
751935,-73.944379847141,40.815586558463004
781169,-73.942938000429,40.829853503601
784499,-73.939370896714,40.788451187622
792927,-73.97583099881,40.722043156472
763433,-73.947614138932,40.802032600923
786001,-73.990991665893,40.716604328682
737393,NA,NA
774474,NA,NA
752594,-73.987033044756,40.742145285942
747859,-73.974918498444,40.790541263075
748801,-73.985930251161,40.752317178985
752620,-73.985806570382,40.742435751363
791482,-73.99874001462,40.718431007452
751936,-73.952963015566,40.807214149828
782631,NA,NA
791484,NA,NA
794391,-73.989561830642,40.714117093344
798919,-73.962898326089,40.805891012217
796627,-73.960205759373,40.806483309184
785176,-73.995214913387,40.747204461322
794016,-73.999905576671,40.745893744953
748877,-73.975745987891,40.750445483149
793148,-73.986049006961,40.728686520209
801673,-74.004083016889,40.72255999582
803096,-73.947922370134,40.812153349352
788741,-73.9541107388,40.82383800802
803506,-73.998965990729,40.724812003656
772037,-73.994443031957,40.71484900113
798425,-74.013187984942,40.706186052741
792467,-73.949735972076,40.81622698848
723400,-73.956115522401,40.807257995851
762876,-73.968101476304,40.769546011355
769885,-73.958307314405,40.813250578774
760514,-73.945052494303,40.827487019882
748800,-73.982331323426,40.762370361541
748456,-73.991364649892,40.732048730736
771926,-73.94793275206,40.807095639833
770657,-73.96025446428,40.799030508287
776147,-73.949824484973007,40.788736504404
766266,-73.939858527826,40.799594002683
779533,-73.952754965961,40.803317013571
773448,-73.935203570223,40.805959637226
793730,-73.950018703143,40.824555880439
795544,-73.941939231308,40.820339587894
761779,-73.937558994599,40.846296500343
793708,-73.949358493066,40.8234640075
782330,-73.940051975912,40.822928502481
783371,-73.93952148154,40.818501022292
802086,NA,NA
763071,NA,NA
790462,-73.977744017717,40.739839016804
803765,-73.991403586227,40.770334895128
788431,-73.934790513102,40.794854049019
748799,-73.994814122759,40.74013005465
748460,-73.990087735747,40.732476493063
754672,-73.987262506963,40.741839001766
801789,-73.947151991435,40.802658063699
751420,-73.983619045676,40.746836035004
782952,-73.955139552098,40.804735448574
788601,-73.986297049329,40.718571772009
802972,-73.990330042538,40.7346153053
799835,-73.9887655249,40.753512652077
802132,-74.012196908711,40.707134800361
801896,-73.994702787136,40.721311993302
802138,-73.985678176004,40.772946372491
803085,-73.986702866204,40.742698360666
784097,-73.935636771074,40.797808590692
801313,-73.979566246605,40.715541729224
804785,-73.995428198946,40.72900104836
799556,-73.990745984014,40.745730006949
795985,-73.944507508903,40.789783989916
781918,-73.957385987592,40.81534530902
798534,-73.963140984456,40.797624480373
748878,-73.976194006981,40.749828937084
805357,-73.939189023310007,40.795063018238
781577,-73.996188365791,40.735346306237
796388,-73.935224013737,40.8174849883
804347,-74.000607502647,40.724762005603
803989,-73.999320592982,40.722397947553
796744,-73.945901419011,40.827844180552
748795,-73.991364649892,40.732048730736
796769,-73.945367994693,40.814306987829
795109,-73.933792501935,40.796211005252
780434,-73.948717655035,40.830666417066
807395,-73.924086971173,40.864887310129
784624,-73.940606296519,40.811504358863
762600,-73.946434508104,40.790596490507
795035,-73.936181819632,40.817495569646
782884,-73.95271003896,40.825701011729
762814,-73.938904474356,40.797476542941
748793,-73.984033602808,40.591239519007
799313,-73.965263028369,40.798516600346
798921,-73.96059004253,40.809909212843
803579,NA,NA
804709,-73.997808261179,40.72748966334
806541,-74.005021999592,40.735638488892
802114,-73.969811007366,40.765775496031
804040,-73.98805753048,40.720650493503
803817,-73.934319450571,40.850728116164
805486,-73.993665952783,40.722519820627
748879,-74.011122464055,40.70942702057
748700,-73.979398556999,40.751177777043
797771,-73.964471567417,40.768842110575
799623,-74.007227009655,40.741289627399
808096,-74.009164561977,40.706209347583
802215,-73.999320592982,40.722397947553
791186,-74.013385965495,40.706316014149
804758,-73.990984749668,40.727994631686
803380,-74.007479992699,40.740932016978
807399,-74.004669784205,40.749581952491
807872,-74.000798734729,40.75483656627
806560,-73.999320592982,40.722397947553
808284,-73.981296425629,40.767991149949
772727,-73.994529731898,40.723891953296
793821,-73.948615784449,40.800672640823
781096,-73.987921517662,40.730244905406
799212,-74.007646792572,40.741929589185
802256,-73.945861269695,40.773144257615
780457,-73.963569442793,40.794493235478
756332,NA,NA
748792,-73.985930251161,40.752317178985
805087,-73.931751006251,40.796987000293
748536,-73.958703775483,40.772366875449
806007,-73.966942996899,40.762518382765
803434,-74.000125103706,40.722791947985
799608,-74.002114317523,40.7179917842
774472,-73.945296653896,40.795168221553
790548,-73.935229304548,40.794213499116
773361,-73.947922370134,40.812153349352
801856,-74.003357018346,40.722851497458
804639,-73.939407688879,40.796779371277
797190,-73.939591478782,40.808617502439
804362,-73.920943962677,40.865447441097
803248,NA,NA
797719,-73.945979999353,40.824988005136
759515,-73.983293253429,40.713986792373
809128,-73.939153442131,40.850086252135
804159,-73.946918553783,40.80420652576
806874,-73.982331323426,40.762370361541
737906,NA,NA
737848,-73.957148701181,40.78595242861
801674,-73.997548024829,40.722472005228
753394,-73.992156281132,40.729964359538
747869,-73.980180772175,40.77551008968
748790,-73.994814122759,40.74013005465
805980,-73.999320592982,40.722397947553
806343,-73.997247631577,40.724859744295
775143,-73.965176988377,40.770779995141
765291,-74.009854682406,40.717361547896
803993,-74.001668986865,40.737517187715
805282,-74.003026016989,40.7114329984
803178,-73.976882306865,40.751795311165
806219,-74.008830092319,40.708164529909
806571,-74.000885278625,40.723166310255
807479,-73.982404020607,40.754120019616
805793,-73.987387523049,40.743103495679
805794,-73.996288494992,40.725389966829
803929,-73.972308014028,40.758104703563
805795,-74.006813966672,40.718560507856
803264,-74.003770976601,40.715918708631
806765,-73.997548024829,40.722472005228
807318,-73.972380314245,40.753609210893
806926,-74.008870549466,40.739387231808
794292,-73.991682010204,40.74155056709
805888,-74.004270021134,40.724850061809
805889,-74.002231190513,40.719648786633996
802532,-74.007235534493,40.739389998251
748880,-73.975745987891,40.750445483149
748703,-74.010556989354,40.709149013604
806342,-73.998181486501,40.724428510631
751892,-73.958373879605,40.820638192806
807463,-73.977902017067,40.760471510387
807005,-73.984830355342,40.717670384397
805890,-73.994529731898,40.723891953296
806051,-73.964922143961,40.768214635536
807303,-73.987470964895,40.741334515969
801395,-73.946770516053,40.82902045106
766578,NA,NA
803995,-73.999320592982,40.722397947553
794156,-74.013231989934,40.706523005248
773672,-73.93556189621,40.801891634162
785968,-73.993872504008,40.749075529765
803383,-73.982404020607,40.754120019616
783880,-73.993563475897,40.759706497718
748819,-73.982222774556,40.769358482604
798451,-73.997247631577,40.724859744295
748547,-74.000495298329,40.742524809335
786661,-73.979409998924,40.721178504358
799815,-73.949310623843,40.80521813572
785225,-73.952754965961,40.803317013571
805346,-73.962845059094,40.775328246306
802542,-73.958219505827,40.803503510916
802713,-73.998637146341,40.71538606336
769483,-73.985624438503,40.600412371812
807304,-73.984176488936,40.72515999143
806811,-73.981518514446,40.780698510716
787580,-73.934639266228,40.805314134073
748881,-74.004687422579,40.741991497129
747874,-73.974208028044,40.791505989987
807778,NA,NA
745544,-73.938904474356,40.797476542941
808655,-73.989183833703,40.750388387347
808136,-73.991309960369,40.716022006569
782722,-73.998637146341,40.71538606336
804439,-74.002457011492,40.723929494025
699348,-74.009854682406,40.717361547896
801491,-73.995673293498,40.70505561634
756922,NA,NA
807603,NA,NA
790017,-74.008453025876,40.740509096639
743820,-74.006187754686,40.736938417301
758747,NA,NA
804915,-74.012623682959,40.718805692052
795466,-73.997617007232,40.729628999592
806709,-74.009362526242,40.72003050508
802326,-73.99741810467,40.713152713474
798050,-74.002586868165,40.737006623467
806953,-74.005613300952,40.722229350695
804374,-73.983277303935,40.7793081631
748708,-73.970637002015,40.757408994603
771110,-73.981388714557,40.761125859286
805709,-73.997247631577,40.724859744295
748882,-73.973849911231,40.753036050942
810141,-73.940038514038,40.817911435974
795568,-74.012855223386,40.706116147668
809465,-73.995005865485,40.725470608362
809296,-73.94937550833,40.789369505732
801333,-73.938941938003,40.800852862108
790946,-73.954373921334,40.768012345311
748789,-73.980894840122,40.759248360654
793892,-73.970399450362,40.80070395046
801030,-73.939064339552,40.819118388501
809907,NA,NA
782448,-73.983763149991,40.727732353178
802796,NA,NA
806315,-73.954729756276,40.810380696525
809625,-73.990950041446,40.739691998223
810958,-74.010821807009,40.708939242841
791904,NA,NA
810956,-73.988854481833,40.755971498208
774121,-74.00130220734,40.738323990701
743320,-74.012974246411,40.706436168731
797408,-73.990584120951,40.73722533418
749141,-73.982222774556,40.769358482604
807921,-73.958009226568,40.803413813681
792376,-73.94793275206,40.807095639833
804508,-74.005412877882,40.708177559373
809536,-73.940950771076,40.816660763669
790436,-73.993125468749,40.726144806815
810962,NA,NA
810194,-73.987470964895,40.741334515969
796542,-73.975101225895,40.764320779215
810547,-74.010965499596,40.706696017742
810198,-73.953308334166,40.811072309334
809873,-74.000526617281,40.755162099728
810597,-74.010965499596,40.706696017742
806620,-73.985624438503,40.600412371812
771705,-73.986070003516,40.73919380452
789988,-73.944138374457,40.778010386634
808697,NA,NA
748710,-73.979398556999,40.751177777043
806707,-73.950841592256,40.811726549617
795965,-74.009829859254,40.732829294043
776069,-74.009994605561,40.718047116286
797801,-73.990584120951,40.73722533418
791330,-73.981823992907,40.752212005086
807273,NA,NA
808155,-74.005904576567,40.739422013298
808774,-74.002514008434,40.733300000771
803076,-73.981978848568,40.767694197487
792155,-73.994259984741,40.737991466708
810759,-74.007358472508,40.726956991485
806793,-73.998845622684,40.742236355199
806895,-73.983763775632,40.731852423005
806799,-73.992560542441,40.74036698783
806601,-73.96407348299,40.802675011802
807222,-73.989161010554,40.763175494381
806786,-73.944935683525,40.813756364717
809531,-73.940950771076,40.816660763669
804555,-73.990867736317,40.734396539292
765606,-73.993099999953,40.76033400559
803996,-73.999320592982,40.722397947553
792913,-73.956825373851,40.784997711401
807492,-73.987476143837,40.72182284107
811205,-73.989561830642,40.714117093344
748533,-73.965405018053,40.806120005812
808752,-73.918515604782,40.863425209921
748788,-73.97258877022,40.756179156915
804527,-73.969216670913,40.799381643481
809489,-73.937938469522,40.82944262201
798117,-73.942147910698,40.793023382083
811392,-73.939837614978,40.805675345848
789810,-73.978533999054,40.722379942216
798059,-73.966928394872,40.759113403398
810039,-73.945158279475,40.817615618379
810410,-73.961729615336,40.814223013623
807867,-73.980316004707,40.726272990334
802924,-73.959703768908,40.815522792454
812023,-74.003026016989,40.7114329984
760712,-74.01507571345,40.714293579299
752396,-74.015216992244,40.707111331032
754593,NA,NA
748884,-73.971741689066,40.764577001984
810451,-73.999852853321,40.717466080985
776447,-74.005402777856,40.704549042158
801847,-73.969620025703,40.796270515209
793028,-73.940426010818,40.804766528868
805678,-73.944785085244,40.797447324079
806934,-73.981839164304,40.760513845579
810667,-73.997447015012,40.721947588797
754528,-73.982206101175,40.718870583851
806591,-73.997247631577,40.724859744295
801640,-73.994529731898,40.723891953296
802263,-73.996604804235,40.709158152018
766153,-73.986859348673,40.747723427342
799233,-73.972182667534,40.789010177102
794627,-73.987033044756,40.742145285942
748786,-73.982331323426,40.762370361541
750894,-73.989971035155,40.767192980632
748523,-73.990087735747,40.732476493063
802327,-73.987141853804,40.71881732825
809165,-73.952514992073,40.80068798773
766219,-73.97993999253,40.754765007065
766115,-74.012148952092,40.707084546781
804899,-73.985346491334,40.773400304912
794001,-73.981771522193,40.722174009179
748785,-73.973973757271,40.754280436596
748520,-73.990295957674,40.746354168566
784330,-73.964171998186,40.772143500285
788076,-74.00367901674,40.745805188704
743158,NA,NA
812655,-74.00105138888,40.754505756096
813287,-74.002576492249,40.749916492803
812663,-73.990864963138,40.750647469561
748678,-73.973849911231,40.753036050942
799415,-73.997578115201,40.725863618183
809966,-73.986152177844,40.749113556233
748886,-73.975745987891,40.750445483149
751897,-73.958373879605,40.820638192806
796476,NA,NA
812922,-73.942360986929,40.798938495945
790569,-73.943306119679,40.813440554263
748784,-73.980894840122,40.759248360654
810659,-73.942121013041,40.797939016855
813093,-73.998006441112,40.714819235016
809429,-73.935987472411,40.807910603766
813330,-73.987470964895,40.741334515969
811158,-73.983964070644,40.591130377368
813540,-73.971305728201,40.765170419951
748782,-74.011256988406,40.708302967137
747879,-73.98070098552,40.78242998141
807634,-74.002634819224,40.727412939431
794578,NA,NA
748837,-74.012418593532,40.706861641191
785608,NA,NA
812021,-73.981046990483,40.782158009606
813692,-73.937084495061,40.846944002363
807104,-73.984833323048,40.771692930009
808208,-74.001815975957,40.720139548563
810085,NA,NA
811399,-73.938130152017,40.846088364437
816374,-73.968448069611,40.794129727309
748887,-73.969744496965,40.758655509333
808211,-73.997787231341,40.731797985908
812129,-73.998181486501,40.724428510631
813056,-74.001638179687,40.723533346922
811488,-73.979732582336,40.749290387961
813965,-73.975583592607,40.763648060604
814782,-73.919214026034,40.864624013596
751918,-73.92841361741,40.86645410893
811264,-73.984032519959,40.777870104265
802123,-73.949447550787,40.796953200268
808045,-73.973154797438,40.762626824624
807831,-73.927300131846,40.86551358498
809229,-74.0038099,40.7532511
786348,-73.961709421994,40.797048818035
748779,-73.987492552554,40.760385348525
814387,-74.003026016989,40.7114329984
813202,-73.988734033885,40.720189509783
812826,-74.000885278625,40.723166310255
789926,-73.974093163918,40.786400464188
799897,-73.972182667534,40.789010177102
770293,-73.97581921359,40.79301718031
814766,-73.935750473261,40.853654994096
795213,-73.987489222955,40.730847269517
806203,-73.94656425166,40.82267232411
759839,NA,NA
797726,-73.964420228249,40.804065810891
798370,-73.957659087438,40.763512090867
814776,-73.997548024829,40.722472005228
773370,-73.939407688879,40.796779371277
812749,NA,NA
774235,-73.983309428271,40.726352817872
815526,-73.98336207214,40.721798856147
813199,-73.939189023310007,40.795063018238
751761,NA,NA
746448,-74.016205779365,40.706643400628
803433,NA,NA
788114,NA,NA
748776,-73.97258877022,40.756179156915
786520,-73.966624000397,40.805816491977
805752,-73.995587718661,40.741635816528
747915,-73.979724619415,40.78122277396
797799,-73.947769487842,40.781188509914
768469,NA,NA
812604,-73.970696745592,40.800002343555
814750,-74.004669784205,40.749581952491
798252,-73.976728969243,40.759159010257
814067,-73.919214026034,40.864624013596
811123,-74.016119222573,40.710837346267
815352,-73.980278917945,40.767344657017
815401,-73.996021009048,40.720173018389
817135,-74.010556989354,40.709149013604
814992,-73.998829487197,40.725599414557
815324,-73.997481513767,40.723270005883
814974,-73.949678047424,40.819922587677
748888,-73.970637002015,40.757408994603
816642,NA,NA
804060,-73.945173773032,40.815923864382
797484,-74.002152035945,40.705734687255
805269,-73.960576874186,40.768832187526
754471,-73.944138374457,40.778010386634
813254,-73.991339046289,40.75000003088
813463,-73.946918553783,40.80420652576
814984,-73.984015865177,40.591125721965
804917,-73.958307314405,40.813250578774
748774,-73.985930251161,40.752317178985
815783,-73.962369577805,40.775981538253
797950,-73.940950771076,40.816660763669
812387,-73.999320592982,40.722397947553
804243,-73.942691972847,40.813999777547
812718,-74.001420211979,40.725157840981
814423,-73.999198876985,40.723205249289
808301,-73.980651809033,40.736097551287
785828,-73.930099949515,40.851809188882
799252,-73.977866077616,40.781230070667
810761,-73.980316004707,40.726272990334
816275,-73.963619479719,40.803304012703
808919,-73.995214913387,40.747204461322
815769,-74.001532487572,40.724348505365
815592,-73.919214026034,40.864624013596
747917,-73.969349038773,40.797802014648
748889,-73.985636501281,40.754600994843
799290,-73.947294193199,40.777696104788
813739,-74.003538728956,40.733501589428
814857,-74.010313192372,40.719105948238
813818,NA,NA
783727,-73.964805041423,40.753308986664
811781,-74.009166178667,40.706210225522
811835,-73.945019475159,40.778820000486
808900,-73.976986482727,40.761713170369
811550,-73.99377689338,40.723599686919
813430,-74.001322523166,40.736192516428
812152,-73.946770516053,40.82902045106
798848,NA,NA
815572,-74.000269516143,40.731370961745
814303,NA,NA
814316,-73.981493243008,40.76312620694
748890,-74.008401710599,40.710566054412
814747,-73.986572802061,40.720856646412
814767,-73.937084495061,40.846944002363
801881,-73.943306320162,40.818472789749
806805,-73.999724804424,40.756112963779
805144,-73.988277513528,40.717528506982
792232,-73.997617007232,40.729628999592
753000,-73.984237504054,40.735321020198
815501,-73.945233495905,40.796348855466
808345,-73.949310623843,40.80521813572
797595,-73.955276032889,40.784351008844
807260,-73.96888827002,40.788455230742
807235,-73.97739318772,40.78186250167
805221,-73.966599028915,40.791598315422
807205,-73.979814136734,40.775308653704
812819,-73.937215839483,40.85673295467
803930,-73.984015865177,40.591125721965
802079,-73.984494886354,40.725698704238
737850,NA,NA
738002,NA,NA
801643,-73.994529731898,40.723891953296
748821,-73.987955539017,40.759758411352
816937,-74.012705950192,40.701957014206
811945,-74.011856946979,40.701636324985
815510,-74.004215786845,40.750190069235
815925,-73.983362658873,40.766933015905
815923,-74.008583428342,40.716308164744
814805,-74.009164561977,40.706209347583
748892,-73.973849911231,40.753036050942
815262,-73.980087346388,40.749454987584
748772,-73.991254265458,40.73262481743
753579,-73.992156281132,40.729964359538
812546,-73.943063260935,40.834110619174
808797,-73.952659998998,40.802863007785
812766,-73.980316004707,40.726272990334
817364,-73.988854481833,40.755971498208
804920,-73.980459629249,40.781494885275
810926,NA,NA
748893,-73.989652664699,40.736819411809
748770,-74.012418593532,40.706861641191
806213,NA,NA
810871,-73.978621310926,40.790083215151
810229,-74.010965499596,40.706696017742
813329,-73.999791799816,40.761530836549
815514,-73.983431834544,40.752882279298
809755,NA,NA
748895,-74.008401710599,40.710566054412
794826,-73.958373879605,40.820638192806
818407,-73.986723885865,40.741208703602
817691,-73.991370469261,40.727407246955
817818,-73.964922143961,40.768214635536
814160,-73.999320592982,40.722397947553
748896,-73.981839164304,40.760513845579
817697,-73.996376970294,40.724582472991
817695,-73.991370469261,40.727407246955
817786,-73.949678047424,40.819922587677
818357,-73.987470964895,40.741334515969
818330,-74.009166178667,40.706210225522
812652,NA,NA
818711,-73.948615784449,40.800672640823
814360,-74.002106673085,40.718000505498
806770,-73.986740399441,40.742648613073
809084,-73.935895561326,40.845150050993
818955,NA,NA
815677,-73.957519994098,40.81030999348
809127,-73.993314073418,40.721973702648
814208,NA,NA
817093,-73.98016573909,40.784815445245
815657,-73.996288494992,40.725389966829
820643,-73.988854481833,40.755971498208
813203,-73.985624438503,40.600412371812
818403,-73.96407348299,40.802675011802
801645,-73.994529731898,40.723891953296
818172,NA,NA
811744,NA,NA
818907,-73.990394517654,40.733749531353
814677,-73.964805041423,40.753308986664
821443,-73.988169212319,40.736215022342
821091,-73.978681533587,40.755068494824
820801,-73.99170776332,40.736916673048
818297,-73.991419008929,40.755024007873
818125,-73.990153751296,40.715670746526
819849,-74.010965499596,40.706696017742
826231,NA,NA
816917,-73.994529731898,40.723891953296
817295,NA,NA
823301,-73.986297049329,40.718571772009
826379,-74.000742996112,40.723972011229
826346,NA,NA
826389,-73.974558517325,40.760696984716
826527,NA,NA
817808,-73.983431834544,40.752882279298
829441,-74.010965499596,40.706696017742
826419,-73.977361465645,40.759428011215
817406,-73.986070003516,40.73919380452
830329,-73.988152487953,40.740071077652
831590,-74.000742996112,40.723972011229
816918,-73.994529731898,40.723891953296
831592,-73.974558517325,40.760696984716
831872,-73.988854481833,40.755971498208
829843,-73.990867736317,40.734396539292
830036,-73.987070016557,40.744992252786
829849,-73.966096008556,40.805180489329
832353,-73.999320592982,40.722397947553
829914,-73.983964070644,40.591130377368
832194,-73.990748988848,40.739977497893
832572,-73.997247631577,40.724859744295
832986,-73.979860783545,40.749552636756
831591,-73.967282010605,40.772116483431
833042,-73.963987692977,40.776632416126
833051,-73.96059004253,40.809909212843
819765,NA,NA
834162,-73.975101225895,40.764320779215
832998,-73.992233017456,40.7487939907
833225,-73.981599232173,40.752516058624
831216,-73.985925956099,40.760578540823
835153,-73.939491860863,40.838943848925
816919,-73.994529731898,40.723891953296
820041,NA,NA
820072,NA,NA
834493,-73.984494886354,40.725698704238
834933,-73.990252490935,40.716375793732
832343,NA,NA
836212,-73.980196017763,40.760225984622
836763,-73.996288494992,40.725389966829
827844,-74.010195044018,40.704635594961
823515,-73.973782583907,40.74344984146
839353,-73.994529731898,40.723891953296
834514,-73.987358815031,40.733363200321
835670,-73.988370751801,40.756646980679
835930,-73.997247631577,40.724859744295
797802,NA,NA
835010,-73.986626823427,40.743021583531
839015,NA,NA
834267,-74.011472065876,40.707625871163
834853,-74.009458701249,40.705663458226
837159,-73.999320592982,40.722397947553
833827,NA,NA
844225,-73.981518514446,40.780698510716
836474,-73.96407348299,40.802675011802
823490,NA,NA
830171,-73.995675339362,40.729971693703
841994,-73.980182385635,40.757340546454
841332,-73.968718007192,40.796317013817
838865,-74.000243503026,40.721308537078
833164,-74.013159737928,40.71023924775
842188,-73.997247631577,40.724859744295
823795,-73.992156281132,40.729964359538
842227,-74.002014389078,40.720579917153
842507,-74.013275579459,40.704534591276
833163,NA,NA
835680,-73.977570614867,40.748793630523
842044,-73.991165540177,40.739388489509
841654,-73.982283472448,40.759875429327
843597,-74.000125103706,40.722791947985
834420,-73.998965990729,40.724812003656
835968,-73.98364506334,40.740891205623
816920,-73.994529731898,40.723891953296
844025,-73.947449472708,40.817394587592
818714,-73.991254265458,40.73262481743
844017,-74.004083016889,40.72255999582
835744,NA,NA
831740,NA,NA
839726,-73.960576874186,40.768832187526
818202,-73.969349038773,40.797802014648
843013,-74.016119222573,40.710837346267
830447,-73.993558509051,40.741852530376
842034,-74.007834002379,40.728835002859
836064,-73.997247631577,40.724859744295
842046,-74.010105446042,40.710709268534
837326,-73.984833323048,40.771692930009
842053,-73.990142258431,40.749101408261
836445,-74.009166178667,40.706210225522
846118,-73.993665952783,40.722519820627
836649,-73.967857994394,40.803865474552
818209,-73.986724824861,40.72985874801
832235,-73.93945513074,40.827975053665
829818,-73.992156281132,40.729964359538
842915,-73.978762129399,40.772506659944
844928,-74.011614859684,40.707959362412
846755,-73.983431834544,40.752882279298
831322,-74.00593784614,40.718567612202
840326,-73.990411336529,40.737033216626
839819,NA,NA
847091,NA,NA
839677,-73.934558021806,40.850657038787
837050,-74.005028146161,40.708688860524
833047,-73.936018987529,40.803968999909
842067,-74.006159675494,40.723420960774
844062,-74.002563503572,40.723115003539
842071,-73.973341467591,40.750294889278
839764,NA,NA
846087,-73.939491860863,40.838943848925
844845,-73.99844676798,40.714919266462
844642,-73.997548024829,40.722472005228
822909,-73.99626505308,40.731071812964
821107,-73.987033044756,40.742145285942
819133,NA,NA
818243,-74.000495298329,40.742524809335
845320,-73.949358493066,40.8234640075
844877,-73.980753033316,40.725667172735
821105,NA,NA
834851,-73.946338058456,40.792335722878
845247,-73.990459601571,40.726623583439
807175,NA,NA
835119,-73.989652664699,40.736819411809
818251,-73.957226746543,40.777227005561
836106,-73.995214913387,40.747204461322
828929,-73.98099963273,40.747143761603
828927,-73.985346026712,40.743052240341
836014,-73.928028939565,40.857034416772
849737,NA,NA
846921,-73.937084495061,40.846944002363
834809,NA,NA
839716,-73.990142258431,40.749101408261
818757,-73.983044481828,40.770119019211
842386,-74.001923000441,40.715469995381
818259,-73.979398556999,40.751177777043
839711,-74.010594007296,40.710082495438
839715,-74.007834002379,40.728835002859
853907,-73.999852502718,40.724391504528
822906,-74.011122464055,40.70942702057
828061,-73.961861023662,40.775322483748
845440,-73.990459601571,40.726623583439
831838,-74.009829859254,40.732829294043
844021,-73.972308014028,40.758104703563
841952,-73.996782085857,40.731636046307
849092,-74.001420211979,40.725157840981
817006,-73.996724992018,40.728766392882
846036,-73.984015865177,40.591125721965
847089,-73.949678047424,40.819922587677
816921,-73.994529731898,40.723891953296
819068,-73.954373921334,40.768012345311
839330,-73.999320592982,40.722397947553
816996,-73.960205759373,40.806483309184
816171,-73.938904474356,40.797476542941
822905,-73.982222774556,40.769358482604
825479,-73.969810507565,40.787195505081
814973,-73.990915262219,40.731509229985
818474,-73.95645384219,40.771407809994
846704,-74.015465599492,40.705732759417
825327,-74.003529279602,40.706018001729
826394,-73.998327828763,40.718286549422
850126,-74.003026016989,40.7114329984
840416,-73.943063260935,40.834110619174
852102,-73.939491860863,40.838943848925
835368,-73.966928394872,40.759113403398
844086,-73.942279011916,40.842155986858
815369,-73.976386275131,40.758178369495
822904,-73.986029457784,40.754768554298
826038,-73.938904474356,40.797476542941
819200,-73.980496447118,40.782843939014
826088,-73.963629021199,40.763576476364
852262,-73.962053094973,40.797605375199
851676,-73.97358852158,40.787084494153
842100,-73.997617007232,40.729628999592
845623,-73.998629499226,40.720552006141
854328,-73.987470964895,40.741334515969
846069,-74.00157216765,40.730794008136
847720,-73.951981979724,40.777530502445
847312,NA,NA
820589,NA,NA
852675,-73.992229874242,40.728988601234
845565,-74.006392021666,40.744655006912
855735,-73.999724804424,40.756112963779
818523,-73.970637002015,40.757408994603
823498,-73.964471567417,40.768842110575
822903,-73.975745987891,40.750445483149
826235,-73.960576874186,40.768832187526
829154,-73.958373879605,40.820638192806
854384,-74.007670714794,40.705356521573
850956,-73.984455994323,40.755880009735
841616,-73.987424255649,40.75792901942
853122,-73.998829487197,40.725599414557
829935,NA,NA
852124,-73.996011174562,40.748345328486
854440,-74.006333013068,40.733408001593
855254,-73.954774501712,40.779158503646
839799,-73.96888827002,40.788455230742
805765,NA,NA
820034,-73.981113031571,40.758942518696
834785,-73.967056244836,40.790959473283
819203,-73.990762363779,40.745707351347
818052,-73.977378300269,40.776822524703
848739,-73.997247631577,40.724859744295
839618,-73.998129734001,40.716193824808
836482,-74.001435073082,40.737138147913
849209,-73.997719014994,40.730113997464
836569,-73.980869779592,40.785943735535
847607,-73.998181486501,40.724428510631
854445,-73.986321319767,40.742983764709
825062,NA,NA
848296,-73.967997498795,40.768284493018
833916,-73.98548902198,40.734312995679
848212,-73.980748007996,40.725674019533
852512,-74.00605498534,40.735137984499
822901,-73.992156281132,40.729964359538
819218,-73.982266378626,40.771004582855
819522,-73.991354510184,40.71846451411
851800,-74.000742996112,40.723972011229
849688,-73.932088255461,40.846476461781
846574,-74.005316535367,40.724975473284
841712,-73.933850225519,40.794110296093
850841,-74.011510011745,40.702954996705
854373,-73.973976519878,40.760043992549
854655,-73.987531314598,40.752176298179
851490,-73.999724804424,40.756112963779
822899,-73.969744496965,40.758655509333
855659,-74.001961012372007,40.726293002128
856030,-73.987470964895,40.741334515969
824466,-73.966091994075,40.7695245022
845428,-73.98760650027,40.735588511795
818988,NA,NA
824323,-74.013053886982,40.710346435258
850905,-73.982744747544,40.759243242292
852674,-74.002724017018,40.721006493886
855857,-74.006422528034,40.727231541859
848977,-73.997447015012,40.721947588797
818364,-73.988950566412,40.728336344893
855189,-73.932604471081,40.848382563237
852065,-74.001457008534,40.721266982481
839774,NA,NA
826311,-73.947755502421,40.77707105746
832899,-73.998965622626,40.747154279614
820033,-73.991364649892,40.732048730736
824285,-73.953910998047,40.786236497008
857555,-73.967997498795,40.768284493018
818509,-73.979978581536,40.748953205995
821136,-73.989167317051,40.763166901068
859227,-73.961389850601,40.777316066876
829438,-74.010703339156,40.717175063443
836565,-73.965668923908,40.802954551414
835798,NA,NA
825960,-73.952449591041,40.774786451668
849036,-73.952580999561,40.80195149677
840847,-74.010703339156,40.717175063443
834733,-73.943375538091,40.829224986753
785685,-73.987137111788,40.742122452867
809514,NA,NA
846080,-73.950447477458,40.798174327876
843641,-73.968448069611,40.794129727309
812278,NA,NA
833336,-73.98548902198,40.734312995679
841817,-74.000427648281,40.733957582311
844767,-74.005977945102,40.732377999899
828543,-73.945279984709,40.815096982203
847300,-74.007235534493,40.739389998251
843373,-73.966413727049,40.755638137558
860011,-74.0038099,40.7532511
845106,NA,NA
836090,-74.015213485736,40.711333194712
842057,-74.00167896133,40.707759000691
842891,NA,NA
820031,-73.97258877022,40.756179156915
858080,NA,NA
834324,-73.995587718661,40.741635816528
840081,-73.959942489844,40.777952515417
813360,NA,NA
824964,-73.955276032889,40.784351008844
848889,NA,NA
830222,NA,NA
858071,-73.940480671028,40.838841210537
851756,-74.006211978386,40.723114982584
855550,-74.000742996112,40.723972011229
854770,-73.992328848231,40.728871570392
856042,-73.990231655409,40.737464344124
851755,-74.010105446042,40.710709268534
836061,-73.979398556999,40.751177777043
837095,-74.011013635439,40.708363880733
847587,NA,NA
844207,NA,NA
861673,-73.99254231395,40.750908307488
851753,-74.006303969774,40.7279514874
822896,-73.973849911231,40.753036050942
856441,-73.971603983868,40.761967505094
813386,-73.955732511336,40.783723497663
863049,-73.99254231395,40.750908307488
857950,-73.996289728683,40.726018853982
849296,-73.94463008818,40.7989798268
828281,-73.985636501281,40.754600994843
825131,-73.992156281132,40.729964359538
824796,-73.985624438503,40.600412371812
833618,-73.985616510727,40.729275492825
843973,-73.95783387343,40.785045852286
826114,-73.978185545921,40.724993924055
818516,-73.997075785631,40.731480147175
820029,-73.985930251161,40.752317178985
861647,-74.000125103706,40.722791947985
820027,-74.011256988406,40.708302967137
850204,NA,NA
855562,-73.988854481833,40.755971498208
860381,-73.996020708616,40.724202590762
861122,-74.010965499596,40.706696017742
848675,-73.981918873941,40.750649288032
822894,-74.00846698814,40.712899530035
851752,-73.989693366052,40.749715126125
855560,-73.985455692869,40.744311323656
848146,-74.002189000138,40.721620992162
857867,-73.984453635357,40.740005589511
855561,-74.009983834815,40.716545058282
822888,-74.011122464055,40.70942702057
862391,-73.950187937031,40.771729978259
856460,-73.999852502718,40.724391504528
855303,-74.004083016889,40.72255999582
840916,-73.982962506815,40.750674512587
818106,-73.955276032889,40.784351008844
848679,-73.981918873941,40.750649288032
855052,-73.992375757179,40.746014456415
862961,-73.996421498391,40.720330509242
862815,NA,NA
846929,-73.984434038816,40.77466836287
856584,-74.006673903079,40.740597391288
859181,-73.993098749178,40.731667126576
855839,-74.001420211979,40.725157840981
853818,-73.946770516053,40.82902045106
861482,-73.998006441112,40.714819235016
820025,-73.982331323426,40.762370361541
818494,-73.955276199404,40.768796021142
856067,-73.962058249843,40.779253407744
818912,-73.958652895598,40.782493205305
835948,-73.967975352424,40.78971494136
856439,-74.001420211979,40.725157840981
845950,-73.957006015795,40.810930002858
842128,-74.000388959585,40.745221588889
856078,-73.962531659735,40.778621705612
810044,-73.9808810288,40.715939989647
852318,-73.984032519959,40.777870104265
827828,-73.985806570382,40.742435751363
827829,-73.987033044756,40.742145285942
820024,-73.991364649892,40.732048730736
836028,-73.988259308948,40.747918650987
818579,-73.982264600557,40.775938759499
847297,-73.963569442793,40.794493235478
834898,-73.97791949866,40.743970966854
861901,-73.946918553783,40.80420652576
818009,-73.977866077616,40.781230070667
841052,-73.984015865177,40.591125721965
827831,NA,NA
844221,-73.979104715718,40.789410575689
829180,-74.00449502934,40.727043496783
847526,NA,NA
848998,-73.982582462683,40.780726263436
845238,-73.965668923908,40.802954551414
829229,-73.94833401495,40.823025508236
856128,-74.003758260051,40.712980297726
858388,-73.986723885865,40.741208703602
839615,-73.95272998789,40.817414494612
863299,-73.999983008951,40.723595014179
855558,-73.98706322646,40.763516874343
856882,-73.992664990171,40.735600973491
855106,-74.010965499596,40.706696017742
849419,-73.940715519296,40.842269940624
822893,-73.975745987891,40.750445483149
818606,-74.010556989354,40.709149013604
853528,-74.011122464055,40.70942702057
860418,-73.939491860863,40.838943848925
827914,-73.957287578393,40.784371400415
862733,-73.99198244046,40.721845731941
863155,-74.004834496418,40.734981494367
864484,-73.998495221137,40.740173999565
859208,-73.996817153577,40.722995830773
857221,-73.934441463466,40.84326800809
854728,-74.009362526242,40.72003050508
852180,-73.996253526494,40.725382529571
855663,-73.939394463757,40.800223001652
818605,-73.959015322514,40.779217325504
824083,-73.978739478956,40.772537539164
824099,NA,NA
816922,-73.994529731898,40.723891953296
858308,-73.995975998228,40.722658986097
818626,-73.986814233691,40.761331773034
820023,-73.981347407481,40.758615512538
836481,-73.993563475897,40.759706497718
819206,-73.932157752426,40.851510553329
863808,-73.983843015735,40.761742522504
859565,-73.929058446733,40.859162802261
860964,-73.992156281132,40.729964359538
868249,-73.952270491958,40.798944007046
847870,-73.948615784449,40.800672640823
821348,-73.982768046662,40.742592304359
866960,-74.006003373119,40.752564852172
832328,NA,NA
862177,-73.995005865485,40.725470608362
835531,-73.952521020729,40.770544520581
820022,-73.980624157063,40.742284705409
835433,-73.969181019051,40.755972514529
821632,-73.982500046503,40.737691987172
848711,-73.98016573909,40.784815445245
837009,-74.002634819224,40.727412939431
831886,-74.003946711051,40.718424888352
862332,-73.978801779757,40.759233508153
860182,-73.985933723853,40.743914884862
839792,NA,NA
862163,-73.988543065264,40.733863952867
862446,-73.990314986552,40.740570505495
864247,-73.937084495061,40.846944002363
852770,-74.008457580373,40.717347213022
862515,-73.982639332141,40.767073518342
850597,-73.987470964895,40.741334515969
853478,-73.983808588414007,40.768009076375
862821,-73.997247631577,40.724859744295
818590,-73.979398556999,40.751177777043
849236,-73.991045147051,40.74787150532
864267,-73.939491860863,40.838943848925
825282,-74.001270972193,40.717608994207
863648,-73.991165540177,40.739388489509
863091,-73.996694468448,40.720830003037
863101,-74.000133213102,40.727881022001
858251,-74.016747108668,40.704850019284
822892,-74.010556989354,40.709149013604
829156,-73.958373879605,40.820638192806
825331,-74.007398517373,40.703571112126
864448,-73.998495221137,40.740173999565
859569,-73.927862515639,40.860453995811
821121,-74.001829743832,40.727102617299
843747,-73.944138374457,40.778010386634
839129,NA,NA
863197,-73.97722302192,40.724185945741
835842,NA,NA
867267,-74.004190345799,40.705612808048
841946,NA,NA
818615,-73.999039023071,40.728108472638
828059,-73.942287983342,40.814712222387
824508,-73.948125357227,40.801366087478
820015,-73.973288073775,40.755204406718
803192,NA,NA
790615,NA,NA
835570,NA,NA
836677,-73.953780491815,40.811712495429
849075,-74.00130220734,40.738323990701
841345,-73.958219505827,40.803503510916
855414,-73.966599028915,40.791598315422
823927,NA,NA
824171,-73.938904474356,40.797476542941
828202,-74.004687422579,40.741991497129
831897,-73.993663012047,40.714826998634
868582,-73.988259308948,40.747918650987
863690,-73.987470964895,40.741334515969
849071,-73.928548925528,40.864147519483
859868,-74.007703417661,40.734893464858
867484,-73.989832696299,40.733972530035
868497,-74.007140767091,40.739961515579
855760,-73.939189023310007,40.795063018238
863977,-73.946918553783,40.80420652576
862002,-73.954729756276,40.810380696525
843809,-73.945026138772,40.825023795862
823326,-73.951033993601,40.805121008682
864400,-73.983431834544,40.752882279298
868204,-73.997481513767,40.723270005883
862136,-73.986698032435,40.756381285093
841046,NA,NA
818623,-73.998083041049,40.730286999946
820011,-73.986333277815,40.761984790727
827884,-73.9454775531,40.822677444981
845280,-73.965263028369,40.798516600346
850431,-73.942121013041,40.797939016855
864029,-73.998181486501,40.724428510631
842387,-73.952707152305,40.803749930456
865997,-74.002926400141,40.736959948088
862483,-73.952580999561,40.80195149677
851400,-73.939990165615,40.817068699196
863154,-73.996288494992,40.725389966829
851374,-73.944695696587,40.795750942647
867007,-73.983069930328,40.77145679981
862141,-73.946816068584,40.786634202871
861119,-73.957385987592,40.81534530902
835250,-73.942954214309,40.808402509451
866999,-73.977378300269,40.776822524703
850857,-73.963619479719,40.803304012703
848509,NA,NA
820008,-73.980894840122,40.759248360654
818586,-73.976672251785,40.78542059981
863777,NA,NA
861276,-74.010965499596,40.706696017742
852690,-73.992991536389,40.723304287343
869121,-74.00183302071,40.720803484191
868994,-74.004083016889,40.72255999582
822890,-73.969744496965,40.758655509333
871440,-73.984124245859,40.757349451488
856227,-73.984833323048,40.771692930009
861125,-74.010965499596,40.706696017742
854487,-74.00367901674,40.745805188704
868858,-73.996817153577,40.722995830773
856651,-73.969216670913,40.799381643481
869984,-73.99377689338,40.723599686919
870025,-73.998965990729,40.724812003656
864431,-73.954193510094,40.806037004015
821818,NA,NA
866771,-74.008870549466,40.739387231808
866998,-73.963488044608,40.811983008678
850764,-73.982252842501,40.721517232751
831527,-73.92765273574,40.865883672656
837367,-73.938912837967,40.826112427482
832105,-73.959511995297,40.819053491959
848111,NA,NA
818627,-73.985636501281,40.754600994843
842428,-73.952577018157,40.808237987016
848113,-73.957006015795,40.810930002858
834962,-73.959964147764,40.818420724836
820007,-73.990295957674,40.746354168566
858047,-73.944138374457,40.778010386634
845956,-73.997247631577,40.724859744295
861435,-73.980316004707,40.726272990334
870851,-74.002787468025,40.730362520893
826440,-74.014209738939,40.705349999808
847892,-73.992560542441,40.74036698783
826460,-73.990450187648,40.730929336996
860714,NA,NA
834519,-73.918936203765,40.862792230232
836859,-73.998338521457,40.729986990676
861994,-73.92060751687,40.869441994769
811630,-73.979057964859,40.749532017275
849482,-73.999180436387,40.714477462759
870416,-74.010556989354,40.709149013604
864083,-74.007084702145,40.705836485469
856061,-74.004688986579,40.72460779954
820001,-74.004727878067,40.708320010404
870030,-73.970731839748,40.764527547637
849607,-73.98524504114,40.766021948127
870771,-74.002919738622,40.707448781582
818708,-73.996825001201,40.737358015374
820000,-73.991426415539,40.744776591594
871176,-74.000125103706,40.722791947985
828280,-73.985636501281,40.754600994843
818719,-73.973973757271,40.754280436596
869474,-73.991165540177,40.739388489509
866807,-74.005051824732,40.710942073636
845185,-73.948744979663,40.808265018653
853399,-73.956115522401,40.807257995851
822889,-73.973849911231,40.753036050942
855416,-73.990018273045,40.718530876044
829158,-73.958373879605,40.820638192806
871859,-73.990984749668,40.727994631686
874426,-73.94463008818,40.7989798268
819999,-73.982331323426,40.762370361541
818529,-73.994814122759,40.74013005465
871857,-73.995882019961,40.720536027147
858543,-73.92765273574,40.865883672656
869123,-73.954841512091,40.802493683251
873010,-73.952440959986,40.799440964432
871421,-73.99060596699,40.722772980268
863836,-73.987020637665,40.758579665434
859909,-73.945901419011,40.827844180552
824267,-73.93882801474,40.802439009213
857877,-73.938830328147,40.806665408939
828277,-73.982222774556,40.769358482604
827854,-73.947992753116,40.797137121822
818870,-73.986422891722,40.743265413094
857457,-73.999852502718,40.724391504528
857887,-73.98099963273,40.747143761603
823022,-73.969315292325,40.801957721534
863413,-73.962443272566,40.797652774862
856239,-73.929449141131,40.850186695876
871494,-73.95783387343,40.785045852286
867459,-73.971110998639,40.761319005751
874439,-73.986112090753,40.743857385006
837255,NA,NA
856738,-73.935203570223,40.805959637226
868939,-73.997930077424,40.732924100481
862200,-73.93822598263,40.820401013149
874369,-73.953780491815,40.811712495429
872815,-74.000243503026,40.721308537078
841963,-73.94649490439,40.811328171402
861472,-73.99390835782,40.714018454494
819997,-73.980894840122,40.759248360654
818722,-73.985624438503,40.600412371812
849617,-73.951797570175,40.826125463966
852426,-73.942393006658,40.819718206901
852986,-73.93556189621,40.801891634162
861756,-73.953469448441,40.800277652081
874427,-73.967975352424,40.78971494136
848709,-73.990532397989,40.715784582103
828255,-73.985636501281,40.754600994843
824175,-73.938904474356,40.797476542941
818532,-73.982331323426,40.762370361541
841484,NA,NA
875320,-73.983202504191,40.758609997641
872737,-73.969350002692,40.766398501939
871423,-74.000885278625,40.723166310255
874312,-74.010965499596,40.706696017742
822914,-73.975745987891,40.750445483149
875935,-73.996289728683,40.726018853982
873525,-73.978349778242,40.759846391285
858660,-73.94629369208,40.792216607738
849484,-73.994443031957,40.71484900113
843242,-73.945862417588,40.830275156194
844590,-73.940460712348,40.828295990905
851677,-73.986750270904,40.774144581876
819995,-73.987048311781,40.761015147121
853038,-73.996718090026,40.717724433969
818729,-73.971741689066,40.764577001984
877328,-74.000495227054,40.725571341219
849825,-73.951033993601,40.805121008682
859700,-73.941679411335,40.835982626611
859962,-73.962874993086,40.80177147041
834800,-73.942147910698,40.793023382083
849301,-73.939990165615,40.817068699196
832783,-73.938051442956,40.807965896162
876189,-73.999320592982,40.722397947553
860628,-73.952707152305,40.803749930456
835336,-73.944235034009,40.796382446334
874746,-74.002991483548,40.72505099267
854936,-73.992523995225,40.717071986625
861422,-74.002615974286,40.724868979643
840605,-73.980566611539,40.789534802584
873541,-73.954729756276,40.810380696525
871830,-73.993665952783,40.722519820627
819994,-73.97258877022,40.756179156915
877330,-74.007235534493,40.739389998251
841156,-74.000460200399,40.750243075684
844656,-73.950281308266,40.808911419048
874419,-74.001457008534,40.721266982481
876249,-74.000243503026,40.721308537078
874588,-73.973240349265,40.763967382681
867729,-74.00105138888,40.754505756096
876250,-73.981670897445,40.763292042894
873271,-73.997447015012,40.721947588797
874376,-73.999096496962,40.724015513306
874377,-73.999096496962,40.724015513306
873276,-73.982376402236,40.763171553036
863933,-73.981578381151,40.782794266234
875632,-74.010191538376,40.707681216629
877700,-73.996289728683,40.726018853982
822898,-73.973849911231,40.753036050942
874876,-73.953652156034,40.79077539432
878589,-73.94463008818,40.7989798268
877703,-73.990657010111,40.73878199595
850120,-73.935673622169,40.805335683404
875744,-74.000885278625,40.723166310255
837259,NA,NA
876964,-73.984093408056,40.740255150091
819993,-73.985930251161,40.752317178985
843116,-73.945979999353,40.824988005136
866523,-73.927620488185,40.851646501502
856096,-73.942287983342,40.814712222387
876055,-73.939491860863,40.838943848925
861770,-73.985616510727,40.729275492825
834028,-73.95062981823,40.809945087326
876324,-73.997447015012,40.721947588797
828244,-73.977902017067,40.760471510387
818731,-73.969349038773,40.797802014648
867097,-74.00203066913,40.731458053654
861126,-73.957385987592,40.81534530902
873237,-73.990652995911,40.75351247725
877893,-73.996289728683,40.726018853982
875235,-73.986152177844,40.749113556233
848733,NA,NA
843753,-73.983964070644,40.591130377368
822911,-74.011122464055,40.70942702057
877565,-73.999436091992,40.721597137399
863874,-73.933604743198,40.794449051527
874787,-74.013385965495,40.706316014149
878028,-73.980612011204,40.73006800147
873346,-73.987387523049,40.743103495679
864148,-73.933604743198,40.794449051527
837280,NA,NA
820203,NA,NA
820838,-73.947159961773,40.816762508273
820243,NA,NA
819992,-73.980894840122,40.759248360654
870927,-73.946461078686,40.809197547291
876223,-73.990591677543,40.717360610885
818735,-73.997075785631,40.731480147175
880788,NA,NA
877896,-73.996289728683,40.726018853982
847828,-73.945052494303,40.827487019882
876580,NA,NA
872396,-73.950900008879,40.822889008942
868157,-73.955600007267,40.805405960251
865773,-73.97583099881,40.722043156472
875588,-73.938368613864,40.836102213628
873901,-73.948900002962,40.795877990683
864155,-73.933604743198,40.794449051527
870642,NA,NA
819990,-74.011256988406,40.708302967137
859004,NA,NA
881133,-73.950247603445,40.80182377752
866343,-73.93959196816,40.823553038085
849483,-73.999180436387,40.714477462759
864161,-73.933604743198,40.794449051527
862153,-73.998829487197,40.725599414557
878267,-73.996676515786,40.722120490727
879391,-74.010594007296,40.710082495438
879332,-74.010965499596,40.706696017742
828237,-73.973849911231,40.753036050942
855502,-73.94629369208,40.792216607738
881305,-73.991339046289,40.75000003088
880475,-73.999320592982,40.722397947553
829163,-73.958373879605,40.820638192806
880353,-73.984455994323,40.755880009735
858651,-73.940827305402,40.79828772855
849485,-73.994443031957,40.71484900113
837290,NA,NA
874364,-73.993865467124,40.735654491043
870734,-73.954841512091,40.802493683251
819989,-73.986333277815,40.761984790727
868813,-73.946918553783,40.80420652576
818739,-73.985624438503,40.600412371812
854296,-73.942938000429,40.829853503601
879789,-73.924086971173,40.864887310129
876829,-73.999096496962,40.724015513306
856939,-73.949815849628,40.794624528239
856481,-73.972535463556,40.792448397047004
865874,-73.945477961921,40.837564236823
879758,-73.961389850601,40.777316066876
819696,-73.944379847141,40.815586558463004
842886,-73.947614138932,40.802032600923
869299,-73.97782186924,40.758807904956
869849,-73.988695650013,40.714199265904
878509,-73.98945147075,40.716125495786
847644,NA,NA
819987,-73.985930251161,40.752317178985
856934,-73.99874001462,40.718431007452
856930,NA,NA
819699,-73.952963015566,40.807214149828
820798,-73.985806570382,40.742435751363
880535,-73.950841592256,40.811726549617
849500,NA,NA
820791,-73.987033044756,40.742145285942
808379,NA,NA
875702,NA,NA
879914,-74.0038099,40.7532511
862073,-73.940426010818,40.804766528868
873964,-73.995214913387,40.747204461322
828214,-73.975745987891,40.750445483149
878482,-73.995075404642,40.721468986348
880534,-73.983431834544,40.752882279298
880552,-73.989652664699,40.736819411809
853371,-73.981195014893,40.725064990448
878060,-74.000217995606,40.719368502367
876765,-73.992250237095,40.71500570437
880644,-73.977450786721,40.761099386505
878452,-73.978341018771,40.756982502414
856079,-73.9541107388,40.82383800802
880451,-73.994146151911,40.719904856564
881411,-73.996289728683,40.726018853982
868502,-73.949735972076,40.81622698848
855482,-73.937558994599,40.846296500343
872098,-73.946314876517,40.829643798342
819986,-73.982331323426,40.762370361541
818745,-73.991364649892,40.732048730736
861887,-73.949358493066,40.8234640075
872032,-73.949815849628,40.794624528239
869774,-73.954103483888,40.818807011896
814929,-73.96025446428,40.799030508287
880023,-74.007646792572,40.741929589185
863645,-73.949824484973007,40.788736504404
878602,-73.947575488942,40.82773751349
870815,-73.944033008635,40.786306004739
861818,-73.946770516053,40.82902045106
856850,-73.950589836552,40.804112120906
862661,-73.95271003896,40.825701011729
880331,-73.955139450478,40.804735587258
845439,-73.952754965961,40.803317013571
884294,-73.968697513439,40.797523002046
858508,-73.940606296519,40.811504358863
883148,-73.920943962677,40.865447441097
874096,-73.971728694341,40.789641376227
855606,-73.958307314405,40.813250578774
882006,-73.94463008818,40.7989798268
837393,-73.938737976088,40.828083546305
876905,-73.977744017717,40.739839016804
861518,-73.98111387807,40.722683985123
867506,-73.940349833081,40.80226009749
875077,-73.935636370096,40.816838443873
854874,-73.947098438603,40.813391097269
871615,-73.941518493942,40.810249463523
878542,-73.999852502718,40.724391504528
877923,-73.977450786721,40.761099386505
878798,-74.012159898007,40.707071059267
851855,-73.934790513102,40.794854049019
840472,-73.983431834544,40.752882279298
833380,-73.984833323048,40.771692930009
833384,-73.985720533692,40.770479718139
862876,-73.938904474356,40.797476542941
822978,-73.987262506963,40.741839001766
819983,-73.994814122759,40.74013005465
818759,-73.990087735747,40.732476493063
822982,-73.985806570382,40.742435751363
880872,-73.969810507565,40.787195505081
847650,-73.955395360352,40.801903165034
822933,NA,NA
880989,-73.952369505328,40.80359848474
869211,-73.965263028369,40.798516600346
851867,-73.986297049329,40.718571772009
880616,-74.010965499596,40.706696017742
876098,-73.98383492968,40.591259363383
864019,-73.981388714557,40.761125859286
828309,-73.976194006981,40.749828937084
858860,-73.996188365791,40.735346306237
880679,-73.983293253429,40.713986792373
861804,-73.957385987592,40.81534530902
873326,-73.94463008818,40.7989798268
883832,-73.999593822956,40.725976513262
876144,-73.935636370096,40.816838443873
882932,-74.000742996112,40.723972011229
844980,-73.995554053223,40.729488644623
875201,-73.945367994693,40.814306987829
877766,-73.954013005809,40.801314995997
819980,-73.991364649892,40.732048730736
861844,-73.939858527826,40.799594002683
870351,-73.948717655035,40.830666417066
864025,-73.945575758052,40.810327158296
872388,-73.95379204199,40.80464300662
864351,-73.950018703143,40.824555880439
862570,-73.94793275206,40.807095639833
873315,-73.938201970392,40.792189995196
819978,-73.984033602808,40.591239519007
818751,-73.971741689066,40.764577001984
851176,-73.999612989835,40.715239011084
858679,-73.950803033664,40.793270498342
866678,-73.940051975912,40.822928502481
883490,-73.989561830642,40.714117093344
852801,-73.947117968438,40.83336999213
877154,-74.006661079078,40.741513942075
883942,-74.003120481038,40.724271496629
875975,-73.964471567417,40.768842110575
818798,-73.979398556999,40.751177777043
828305,-74.011122464055,40.70942702057
881969,-74.004083016889,40.72255999582
881019,-74.011302978737,40.706121009172
884428,-74.004707007671,40.73116701596
878129,-73.994529731898,40.723891953296
881952,-73.993125468749,40.726144806815
886923,-73.996289728683,40.726018853982
884748,-73.984359264286,40.754508289312
876035,-73.946770516053,40.82902045106
887165,-74.003026016989,40.7114329984
878727,-73.99626505308,40.731071812964
881996,-73.984093408056,40.740255150091
883975,-73.991173565547,40.742213713982
849110,-73.987921517662,40.730244905406
874335,-73.940555295714,40.829691366336
880454,-74.004215786845,40.750190069235
870233,-73.98915949929,40.724429998419
830164,NA,NA
856645,-73.981839164304,40.760513845579
819974,-73.985930251161,40.752317178985
818873,-73.958703775483,40.772366875449
877977,-73.948615784449,40.800672640823
879695,-73.999096496962,40.724015513306
886202,-73.948787978826,40.806635115671
877605,-73.939189023310007,40.795063018238
875559,-73.942565816836,40.830520093222
875090,-73.944349836014,40.822608223871
870159,-73.934639266228,40.805314134073
857814,-73.935229304548,40.794213499116
847871,-73.947922370134,40.812153349352
854442,-73.935895561326,40.845150050993
862897,-73.957780000734,40.804544983341
869554,-73.983293253429,40.713986792373
820309,NA,NA
820469,-73.957148701181,40.78595242861
819973,-73.994814122759,40.74013005465
875286,-73.990584120951,40.73722533418
819208,-73.974918498444,40.790541263075
824179,-73.938904474356,40.797476542941
868549,-74.009854682406,40.717361547896
843018,-73.982302096664,40.772235491673
885273,-74.006673903079,40.740597391288
880388,-73.982404020607,40.754120019616
883081,-73.997719014994,40.730113997464
884404,-74.006392021666,40.744655006912
879466,-74.004707007671,40.73116701596
873469,-73.991682010204,40.74155056709
881015,-74.006742013508,40.738137970233
885125,-73.999346026219,40.757160010169
884157,-73.999593822956,40.725976513262
879852,-74.005120805652,40.74895465264
885444,-73.999715702645,40.725184188243
884999,-74.002857549843,40.75204788815
883711,-73.997247631577,40.724859744295
885302,-73.997787231341,40.731797985908
883766,-74.005166422405,40.713637835032
828304,-73.975745987891,40.750445483149
884325,-73.998083041049,40.730286999946
829171,-73.958373879605,40.820638192806
880224,-73.986869982438,40.717479996717
879518,-73.984088088062,40.740504185864
881135,-73.987839147113,40.727118323486
875730,-73.976858578691,40.751785328146
886314,-73.940715519296,40.842269940624
883829,-74.004422022963,40.722734989004
878697,-73.997160141786,40.725659416501
886274,-74.010965499596,40.706696017742
881423,-73.999320592982,40.722397947553
885164,-73.997247631577,40.724859744295
884184,-73.960002001356,40.779219502946
881688,-73.964471567417,40.768842110575
880319,-73.993711422135,40.721310588177
819072,-74.010556989354,40.709149013604
884097,-73.991165540177,40.739388489509
831532,-73.989458305507,40.719621170142
883151,-73.999983008951,40.723595014179
874554,-74.001815975957,40.720139548563
880300,-74.001638179687,40.723533346922
885400,-74.004083016889,40.72255999582
881392,-73.992415198121,40.729886177336
867016,-74.005166422405,40.713637835032
885861,-73.990182448469,40.713719796809
881390,-73.961729615336,40.814223013623
886440,-73.961802224611,40.813899082511
886138,-73.991996725737,40.714671676884
876805,-73.999320592982,40.722397947553
867082,-73.934639266228,40.805314134073
880840,-74.002454119736,40.717718084677
816273,NA,NA
886280,-74.001457008534,40.721266982481
819078,-74.000495298329,40.742524809335
885409,-74.002189000138,40.721620992162
870997,-73.998129734001,40.716193824808
867372,-73.993563475897,40.759706497718
828205,-73.982222774556,40.769358482604
855750,-73.93556189621,40.801891634162
879512,-73.936484016598,40.839679006334
886136,-73.983937115685,40.739166788646
886105,-74.002941644273,40.738706772115
869553,-73.945272021901,40.825947984506
885176,-73.939491860863,40.838943848925
877423,-73.939138536494,40.824179453129
884036,NA,NA
879835,-73.935895561326,40.845150050993
885578,-73.991173565547,40.742213713982
887873,-73.941463536556,40.832628487066
871092,-73.980316004707,40.726272990334
877828,-73.946918553783,40.80420652576
879853,-74.003357018346,40.722851497458
836054,-74.009854682406,40.717361547896
820836,-74.015216992244,40.707111331032
880281,-73.997247631577,40.724859744295
884653,-74.007479992699,40.740932016978
818781,-73.95489553773,40.780402983776
833612,-73.972182667534,40.789010177102
820013,-74.011897752825,40.707501912656
848549,-73.938904474356,40.797476542941
877059,-73.946816068584,40.786634202871
885866,-73.997447015012,40.721947588797
876973,-73.949824484973007,40.788736504404
885199,-74.005695234055,40.707966578523
874388,-73.968448069611,40.794129727309
872779,NA,NA
838411,-74.00526073682,40.731430421986
833536,NA,NA
875215,-73.992628346484,40.732230626241
878890,-74.003770976601,40.715918708631
881505,-74.010965499596,40.706696017742
881342,-74.009362526242,40.72003050508
876000,-73.997617007232,40.729628999592
885345,-73.933059300668,40.849039078733
886263,NA,NA
885978,-73.996245518325,40.719602504149
888091,-74.004509027118,40.736731510021
881820,-74.006543759815,40.721112873604
833101,-73.944138374457,40.778010386634
818879,-73.973849911231,40.753036050942
884215,-73.992458312799,40.724733697958
828301,-73.973849911231,40.753036050942
885351,-74.010556989354,40.709149013604
881798,-73.998629499226,40.720552006141
886265,-73.997247631577,40.724859744295
883143,NA,NA
879260,-74.004215786845,40.750190069235
888090,-74.004534466194,40.730859483933
876301,-73.937874014677,40.815364503182
883101,-73.999320592982,40.722397947553
884106,-74.000125103706,40.722791947985
884984,-73.990223078984,40.738020730549
881811,-73.992513014931,40.734216499019
861655,-74.00225997483,40.747751539649
887759,-73.980428531757,40.775159497641
871509,-73.96464272485,40.765637706345
826212,-73.965405018053,40.806120005812
819972,-73.980894840122,40.759248360654
888165,NA,NA
880729,-73.98945147075,40.716125495786
875154,-74.001435073082,40.737138147913
886313,-73.978865030197,40.76673386658
884186,-73.954729756276,40.810380696525
873149,NA,NA
863452,-73.939589700386,40.818529956948
869200,-73.945158279475,40.817615618379
870564,-73.960206980798,40.814858496103
885645,-73.954841512091,40.802493683251
880547,-73.963619479719,40.803304012703
883089,NA,NA
887943,-74.006906586702,40.739981802525
881804,-73.986197544255,40.740551646212
853327,-74.00130220734,40.738323990701
873496,-73.986029457784,40.754768554298
888853,-73.96407348299,40.802675011802
828198,-73.982222774556,40.769358482604
818774,-73.974208028044,40.791505989987
888860,-74.016675024301,40.715477015225
886279,-73.99626505308,40.731071812964
888480,NA,NA
832867,NA,NA
857306,-73.993125468749,40.726144806815
868330,-74.008453025876,40.740509096639
883362,-73.999320592982,40.722397947553
887937,-73.997660380552,40.721683490686
873630,-73.976090584879,40.765559677642
886399,-74.007358472508,40.726956991485
889447,-73.99626505308,40.731071812964
885477,-73.993056497533,40.755306017005
878465,-73.952977002576,40.788860996621
818809,-73.979398556999,40.751177777043
888120,-73.950841592256,40.811726549617
888119,-73.949693461413,40.822380971368
887367,-74.003559631591,40.714246308446
887921,-73.999457002617,40.717325979246
887432,-73.989333145307,40.737468743386
888762,-73.917158616242,40.869112709634
889342,-74.003307658185,40.751433886238
888117,-74.009829859254,40.732829294043
879202,-74.007140767091,40.739961515579
889547,NA,NA
849519,-73.994259984741,40.737991466708
888098,-74.004435014913,40.733696003786
887436,-73.990748988848,40.739977497893
887101,NA,NA
886249,NA,NA
871020,-73.956825373851,40.784997711401
879497,-73.938941938003,40.800852862108
869029,-73.970399450362,40.80070395046
878703,-73.939064339552,40.819118388501
886266,-74.006303069302,40.742279226571
824787,-73.985624438503,40.600412371812
819963,-73.994814122759,40.74013005465
888744,-74.004083016889,40.72255999582
877369,-73.981226767722,40.775905186005
868922,-73.989846428397,40.710657774614
874304,-73.982381425522,40.713388867568
887923,-73.999457002617,40.717325979246
879770,-73.942121013041,40.797939016855
887720,-73.999320592982,40.722397947553
874790,-73.966928394872,40.759113403398
829143,-73.969620025703,40.796270515209
887108,-73.973956487129,40.79305398082
838364,-74.00203066913,40.731458053654
832135,-74.01507571345,40.714293579299
818790,-73.980180772175,40.77551008968
828186,-73.971741689066,40.764577001984
881788,-73.969216670913,40.799381643481
872843,-74.002852008679,40.725855005777
880587,-73.944785085244,40.797447324079
876383,-73.952650024534,40.806386634152
890228,-74.004113485107,40.733154700479
887109,-73.975337748729,40.752440389471
889420,-74.003763117758,40.750822080656
890789,-74.010965499596,40.706696017742
888092,-73.939394463757,40.800223001652
890225,-73.99626505308,40.731071812964
890434,-74.000243503026,40.721308537078
817397,-73.986070003516,40.73919380452
890029,-73.9847871763,40.766654938617
880237,-73.938376174755,40.807286431657
888440,-73.960205759373,40.806483309184
889993,-74.004083016889,40.72255999582
886993,-73.973193817759,40.76402990183
819967,-74.00846698814,40.712899530035
889636,-73.966158970243,40.770779995141
885430,-74.00325626787,40.728929383088
891661,-73.95479378009,40.815395713232
890948,-74.00203066913,40.731458053654
826636,-73.982206101175,40.718870583851
886972,-73.999715702645,40.725184188243
863361,NA,NA
877946,-73.974951452702,40.765150594713
889752,-73.984093408056,40.740255150091
856080,-73.996604804235,40.709158152018
860283,-73.986859348673,40.747723427342
885925,-74.005028146161,40.708688860524
875560,-73.995299399559,40.766994264064
870507,-73.987033044756,40.742145285942
870538,-73.993099999953,40.76033400559
819966,-73.982331323426,40.762370361541
819128,-73.990087735747,40.732476493063
888706,-73.997247631577,40.724859744295
879505,-73.94656425166,40.82267232411
848879,-74.012148952092,40.707084546781
824061,NA,NA
881914,-73.950447477458,40.798174327876
875592,-73.985346491334,40.773400304912
881682,-73.957659087438,40.763512090867
847875,-73.939407688879,40.796779371277
883689,NA,NA
878361,NA,NA
825318,-74.007398517373,40.703571112126
825593,-73.97258877022,40.756179156915
818528,-73.990295957674,40.746354168566
819965,-73.948227444226,40.780548726171
888791,-74.009854682406,40.717361547896
864212,-73.964171998186,40.772143500285
864237,-74.00367901674,40.745805188704
818979,NA,NA
889587,-74.0038099,40.7532511
880058,-73.999180436387,40.714477462759
891412,-73.99448519293,40.735137984499
888050,-73.99741810467,40.713152713474
885782,-73.917317982109,40.863356993523
888442,-73.977158877057,40.722596310416
891185,-74.000977209823,40.716692892387
884107,-73.993415552157,40.749708941941
819095,-73.973849911231,40.753036050942
828296,-73.975745987891,40.750445483149
890804,-73.995811502595,40.730444313527
890098,-73.977361465645,40.759428011215
888576,-74.015371497457,40.707832323804
829174,-73.958373879605,40.820638192806
888614,-73.969350002692,40.766398501939
889567,-73.998083910876,40.725245370741
891898,-73.959061249312,40.780518667393
890805,-73.985720533692,40.770479718139
892273,-73.999715702645,40.725184188243
888850,-73.997447015012,40.721947588797
870962,-74.006392021666,40.744655006912
867442,NA,NA
883520,-74.002007984241,40.733728656545
874326,-73.951541361324,40.818673281422
879829,-73.97924203247,40.774251483651
891778,-73.936429843932,40.843264615765
874464,-73.943241005988,40.813412944434
890986,-73.993046481159,40.768069099061
824779,-74.004835363358,40.734984525121
890984,-73.999791799816,40.761530836549
819962,-73.980894840122,40.759248360654
889101,-73.991354510184,40.71846451411
875571,-73.981771522193,40.722174009179
883956,-74.003341452193,40.73555632135
819960,-74.011256988406,40.708302967137
819084,-73.98070098552,40.78242998141
819237,NA,NA
856746,NA,NA
819959,-74.012418593532,40.706861641191
855592,NA,NA
887324,-74.010698086519,40.708979271781
892805,-73.993665952783,40.722519820627
892442,-74.002724017018,40.721006493886
893082,-73.991165540177,40.739388489509
873872,-73.982404020607,40.754120019616
890245,-73.956115522401,40.807257995851
847779,-73.973403993982,40.758162003829
828293,-73.969744496965,40.758655509333
884826,-73.984833323048,40.771692930009
892793,-73.994930188169,40.729596142531
893426,-73.948125357227,40.801366087478
892809,-73.97782186924,40.758807904956
893479,-74.001027016901,40.722363000141
886459,-74.003115756403,40.706271280204
892385,-73.983293253429,40.713986792373
892605,-73.995975998228,40.722658986097
892823,-73.988737517341,40.736839471365
892822,-73.992233017456,40.7487939907
886018,-73.998829487197,40.725599414557
891785,-73.973722368099,40.763306187703
894225,-73.927300131846,40.86551358498
881863,-74.0038099,40.7532511
880357,-73.966784242902,40.772797679059
819958,-73.987492552554,40.760385348525
825139,-73.992156281132,40.729964359538
819210,-73.989971035155,40.767192980632
892183,-73.995587718661,40.741635816528
884115,-73.946539994392,40.833949013794
881265,-73.945901419011,40.827844180552
875100,-73.97581921359,40.79301718031
856056,-74.009854682406,40.717361547896
828819,NA,NA
891080,NA,NA
892834,-73.920534972064,40.862277499802
892812,-73.998181486501,40.724428510631
891148,-73.999320592982,40.722397947553
879646,NA,NA
857476,-73.983757377265,40.591268437466
862959,-73.966624000397,40.805816491977
819955,-73.97258877022,40.756179156915
819122,-73.979724619415,40.78122277396
867850,NA,NA
892832,-74.001186957216,40.73138758333
888951,-73.980454317945,40.723996743279
893808,-73.986252822907,40.722747268492
878804,-73.955145023742,40.806033001657
892839,-73.996626004706,40.731821951293
875403,-73.976728969243,40.759159010257
893623,-74.010965499596,40.706696017742
892922,-74.00506202318,40.733270496471
893936,-74.007358472508,40.726956991485
891229,-74.000383684695,40.726378257219
891230,-73.983309428271,40.726352817872
891545,-73.992670233712,40.726808472419
893630,-74.005820263011,40.726059395011
894361,-73.984015865177,40.591125721965
894587,-73.995477023532,40.757147018219
895793,-73.991339046289,40.75000003088
885656,-73.987470964895,40.741334515969
892240,-73.997930077424,40.732924100481
891154,-73.979242995372,40.755721507946
884864,-73.948079959465,40.809460487594
828291,-73.973849911231,40.753036050942
894617,-74.012901732681,40.706298316549
894604,-73.994780222219,40.747833230955
877506,-74.004331167162,40.705526351816
893162,-73.990516389888,40.743618216998
895556,-73.981723996802,40.767483706943
875980,-73.960576874186,40.768832187526
827875,-73.944138374457,40.778010386634
895653,-73.961757888264,40.75993359912
891217,NA,NA
891854,-73.952419772759,40.798523999137
873283,-73.997247631577,40.724859744295
890559,NA,NA
891566,-73.984032519959,40.777870104265
890052,-73.999096496962,40.724015513306
894861,-73.962369577805,40.775981538253
894368,-73.994529731898,40.723891953296
819954,-73.985930251161,40.752317178985
882914,-73.942691972847,40.813999777547
892314,-73.947806499874,40.804582010398
874725,-73.929432476475,40.85271782761
879908,-73.980651809033,40.736097551287
892111,-73.94463008818,40.7989798268
893685,-73.983981808275,40.591244174409
885995,-73.972182667534,40.789010177102
893734,-74.00418598857,40.721876493526
885115,-73.977866077616,40.781230070667
892028,-73.939491860863,40.838943848925
872057,-73.980316004707,40.726272990334
877373,-73.963619479719,40.803304012703
894495,-73.926503777055,40.854119150055
893714,-73.980459629249,40.781494885275
819132,-73.969349038773,40.797802014648
825713,-73.947294193199,40.777696104788
892216,-73.978552530049,40.777748115341
890195,NA,NA
894627,-74.010267059323,40.721105169841
876167,-73.964805041423,40.753308986664
883679,-73.989802292459,40.759757554808
893689,-73.979190818024,40.758248819391
889269,-73.997617007232,40.729628999592
894931,-74.010965499596,40.706696017742
895182,-73.952270491958,40.798944007046
895455,-73.984015865177,40.591125721965
893620,-74.007585143674,40.714000249614
893898,-74.000742996112,40.723972011229
895333,-73.950687988638,40.771050500111
895194,-73.999715702645,40.725184188243
888405,-73.946770516053,40.82902045106
894529,-73.982237472191,40.770195504078
895529,-74.002563503572,40.723115003539
894844,-74.002189000138,40.721620992162
892794,-73.999198876985,40.723205249289
828286,-74.011122464055,40.70942702057
892754,-73.945173773032,40.815923864382
877430,-73.958373879605,40.820638192806
894933,-74.010965499596,40.706696017742
893542,-73.981493243008,40.76312620694
895047,NA,NA
891172,-73.992011483755,40.738194990316
892791,-73.988737517341,40.736839471365
885917,-73.986572802061,40.720856646412
887819,-73.94656425166,40.82267232411
874313,NA,NA
849414,-73.988277513528,40.717528506982
892078,-73.93556189621,40.801891634162
891624,-73.982361021443,40.745835011241
879317,-73.943306320162,40.818472789749
892113,-73.999724804424,40.756112963779
891722,-73.937084495061,40.846944002363
892152,-73.998006441112,40.714819235016
890902,-73.949310623843,40.80521813572
890598,-73.952713863707,40.804174721205
891546,-74.009994605561,40.718047116286
877235,-73.996724992018,40.728766392882
880364,-73.96025446428,40.799030508287
892142,-73.960248886678,40.774629743075
891572,-73.984118609569,40.723155142795
883471,-73.945646210934,40.806135247835
891551,-73.97739318772,40.78186250167
826289,-73.956068430025,40.784684406237
892114,-73.943462837723,40.821790674358
876581,-74.001818193685,40.745825392469
887430,-73.978621310926,40.790083215151
892230,-73.949358493066,40.8234640075
880619,-73.96888827002,40.788455230742
878334,-73.966599028915,40.791598315422
895411,NA,NA
886480,-73.979814136734,40.775308653704
893376,-73.93729664103,40.856145341348
